label	x	y	z
Nz	0.0000	1.0000	0.0000
Iz	0.0000	-1.0000	0.0000
Cz	0.0000	0.0000	1.0000
T9	-1.0000	0.0000	0.0000
T10	1.0000	0.0000	0.0000
NFpz	0.0000	0.9877	0.1564
Fpz	0.0000	0.9511	0.3090
AFpz	0.0000	0.8910	0.4540
AFz	0.0000	0.8090	0.5878
AFFz	0.0000	0.7071	0.7071
Fz	0.0000	0.5878	0.8090
FFCz	0.0000	0.4540	0.8910
FCz	0.0000	0.3090	0.9511
FCCz	0.0000	0.1564	0.9877
CCPz	0.0000	-0.1564	0.9877
CPz	0.0000	-0.3090	0.9511
CPPz	0.0000	-0.4540	0.8910
Pz	0.0000	-0.5878	0.8090
PPOz	0.0000	-0.7071	0.7071
POz	0.0000	-0.8090	0.5878
POOz	0.0000	-0.8910	0.4540
Oz	0.0000	-0.9511	0.3090
OIz	0.0000	-0.9877	0.1564
N2h	0.1564	0.9877	0.0000
N2	0.3090	0.9511	0.0000
AFp10	0.4540	0.8910	0.0000
AF10	0.5878	0.8090	0.0000
AFF10	0.7071	0.7071	0.0000
F10	0.8090	0.5878	0.0000
FFT10	0.8910	0.4540	0.0000
FT10	0.9511	0.3090	0.0000
FTT10	0.9877	0.1564	0.0000
TTP10	0.9877	-0.1564	0.0000
TP10	0.9511	-0.3090	0.0000
TPP10	0.8910	-0.4540	0.0000
P10	0.8090	-0.5878	0.0000
PPO10	0.7071	-0.7071	0.0000
PO10	0.5878	-0.8090	0.0000
POO10	0.4540	-0.8910	0.0000
I2	0.3090	-0.9511	0.0000
I2h	0.1564	-0.9877	0.0000
N1h	-0.1564	0.9877	0.0000
N1	-0.3090	0.9511	0.0000
AFp9	-0.4540	0.8910	0.0000
AF9	-0.5878	0.8090	0.0000
AFF9	-0.7071	0.7071	0.0000
F9	-0.8090	0.5878	0.0000
FFT9	-0.8910	0.4540	0.0000
FT9	-0.9511	0.3090	0.0000
FTT9	-0.9877	0.1564	0.0000
TTP9	-0.9877	-0.1564	0.0000
TP9	-0.9511	-0.3090	0.0000
TPP9	-0.8910	-0.4540	0.0000
P9	-0.8090	-0.5878	0.0000
PPO9	-0.7071	-0.7071	0.0000
PO9	-0.5878	-0.8090	0.0000
POO9	-0.4540	-0.8910	0.0000
I1	-0.3090	-0.9511	0.0000
I1h	-0.1564	-0.9877	0.0000
T9h	-0.9877	0.0000	0.1564
T7	-0.9511	0.0000	0.3090
T7h	-0.8910	0.0000	0.4540
C5	-0.8090	0.0000	0.5878
C5h	-0.7071	0.0000	0.7071
C3	-0.5878	0.0000	0.8090
C3h	-0.4540	0.0000	0.8910
C1	-0.3090	0.0000	0.9511
C1h	-0.1564	0.0000	0.9877
C2h	0.1564	0.0000	0.9877
C2	0.3090	0.0000	0.9511
C4h	0.4540	0.0000	0.8910
C4	0.5878	0.0000	0.8090
C6h	0.7071	0.0000	0.7071
C6	0.8090	0.0000	0.5878
T8h	0.8910	0.0000	0.4540
T8	0.9511	0.0000	0.3090
T10h	0.9877	0.0000	0.1564
NFp2h	0.1545	0.9755	0.1564
NFp2	0.3052	0.9394	0.1564
AFp10h	0.4484	0.8800	0.1564
AF10h	0.5806	0.7991	0.1564
AFF10h	0.6984	0.6984	0.1564
F10h	0.7991	0.5806	0.1564
FFT10h	0.8800	0.4484	0.1564
FT10h	0.9394	0.3052	0.1564
FTT10h	0.9755	0.1545	0.1564
TTP10h	0.9755	-0.1545	0.1564
TP10h	0.9394	-0.3052	0.1564
TPP10h	0.8800	-0.4484	0.1564
P10h	0.7991	-0.5806	0.1564
PPO10h	0.6984	-0.6984	0.1564
PO10h	0.5806	-0.7991	0.1564
POO10h	0.4484	-0.8800	0.1564
OI2	0.3052	-0.9394	0.1564
OI2h	0.1545	-0.9755	0.1564
NFp1h	-0.1545	0.9755	0.1564
NFp1	-0.3052	0.9394	0.1564
AFp9h	-0.4484	0.8800	0.1564
AF9h	-0.5806	0.7991	0.1564
AFF9h	-0.6984	0.6984	0.1564
F9h	-0.7991	0.5806	0.1564
FFT9h	-0.8800	0.4484	0.1564
FT9h	-0.9394	0.3052	0.1564
FTT9h	-0.9755	0.1545	0.1564
TTP9h	-0.9755	-0.1545	0.1564
TP9h	-0.9394	-0.3052	0.1564
TPP9h	-0.8800	-0.4484	0.1564
P9h	-0.7991	-0.5806	0.1564
PPO9h	-0.6984	-0.6984	0.1564
PO9h	-0.5806	-0.7991	0.1564
POO9h	-0.4484	-0.8800	0.1564
OI1	-0.3052	-0.9394	0.1564
OI1h	-0.1545	-0.9755	0.1564
Fp2h	0.1488	0.9394	0.3090
Fp2	0.2939	0.9045	0.3090
AFp8	0.4318	0.8474	0.3090
AF8	0.5590	0.7695	0.3090
AFF8	0.6725	0.6725	0.3090
F8	0.7695	0.5590	0.3090
FFT8	0.8474	0.4318	0.3090
FT8	0.9045	0.2939	0.3090
FTT8	0.9394	0.1488	0.3090
TTP8	0.9394	-0.1488	0.3090
TP8	0.9045	-0.2939	0.3090
TPP8	0.8474	-0.4318	0.3090
P8	0.7695	-0.5590	0.3090
PPO8	0.6725	-0.6725	0.3090
PO8	0.5590	-0.7695	0.3090
POO8	0.4318	-0.8474	0.3090
O2	0.2939	-0.9045	0.3090
O2h	0.1488	-0.9394	0.3090
Fp1h	-0.1488	0.9394	0.3090
Fp1	-0.2939	0.9045	0.3090
AFp7	-0.4318	0.8474	0.3090
AF7	-0.5590	0.7695	0.3090
AFF7	-0.6725	0.6725	0.3090
F7	-0.7695	0.5590	0.3090
FFT7	-0.8474	0.4318	0.3090
FT7	-0.9045	0.2939	0.3090
FTT7	-0.9394	0.1488	0.3090
TTP7	-0.9394	-0.1488	0.3090
TP7	-0.9045	-0.2939	0.3090
TPP7	-0.8474	-0.4318	0.3090
P7	-0.7695	-0.5590	0.3090
PPO7	-0.6725	-0.6725	0.3090
PO7	-0.5590	-0.7695	0.3090
POO7	-0.4318	-0.8474	0.3090
O1	-0.2939	-0.9045	0.3090
O1h	-0.1488	-0.9394	0.3090
AFp7h	-0.3848	0.8573	0.3420
AFp5	-0.3350	0.8661	0.3711
AFp5h	-0.2829	0.8736	0.3960
AFp3	-0.2288	0.8798	0.4167
AFp3h	-0.1730	0.8847	0.4329
AFp1	-0.1160	0.8882	0.4446
AFp1h	-0.0582	0.8903	0.4517
AFp2h	0.0582	0.8903	0.4517
AFp2	0.1160	0.8882	0.4446
AFp4h	0.1730	0.8847	0.4329
AFp4	0.2288	0.8798	0.4167
AFp6h	0.2829	0.8736	0.3960
AFp6	0.3350	0.8661	0.3711
AFp8h	0.3848	0.8573	0.3420
AF7h	-0.5070	0.7782	0.3706
AF5	-0.4481	0.7861	0.4259
AF5h	-0.3832	0.7929	0.4740
AF3	-0.3130	0.7986	0.5142
AF3h	-0.2385	0.8031	0.5461
AF1	-0.1608	0.8064	0.5692
AF1h	-0.0810	0.8083	0.5832
AF2h	0.0810	0.8083	0.5832
AF2	0.1608	0.8064	0.5692
AF4h	0.2385	0.8031	0.5461
AF4	0.3130	0.7986	0.5142
AF6h	0.3832	0.7929	0.4740
AF6	0.4481	0.7861	0.4259
AF8h	0.5070	0.7782	0.3706
AFF7h	-0.6175	0.6800	0.3953
AFF5	-0.5515	0.6868	0.4734
AFF5h	-0.4756	0.6928	0.5421
AFF3	-0.3911	0.6978	0.6001
AFF3h	-0.2997	0.7018	0.6463
AFF1	-0.2028	0.7047	0.6799
AFF1h	-0.1023	0.7065	0.7003
AFF2h	0.1023	0.7065	0.7003
AFF2	0.2028	0.7047	0.6799
AFF4h	0.2997	0.7018	0.6463
AFF4	0.3911	0.6978	0.6001
AFF6h	0.4756	0.6928	0.5421
AFF6	0.5515	0.6868	0.4734
AFF8h	0.6175	0.6800	0.3953
F7h	-0.7125	0.5652	0.4159
F5	-0.6408	0.5708	0.5135
F5h	-0.5557	0.5758	0.5998
F3	-0.4591	0.5800	0.6730
F3h	-0.3529	0.5833	0.7316
F1	-0.2394	0.5858	0.7743
F1h	-0.1210	0.5873	0.8003
F2h	0.1210	0.5873	0.8003
F2	0.2394	0.5858	0.7743
F4h	0.3529	0.5833	0.7316
F4	0.4591	0.5800	0.6730
F6h	0.5557	0.5758	0.5998
F6	0.6408	0.5708	0.5135
F8h	0.7125	0.5652	0.4159
FFT7h	-0.7890	0.4365	0.4323
FFC5	-0.7128	0.4408	0.5455
FFC5h	-0.6205	0.4447	0.6460
FFC3	-0.5141	0.4479	0.7315
FFC3h	-0.3961	0.4505	0.8001
FFC1	-0.2692	0.4524	0.8502
FFC1h	-0.1361	0.4536	0.8808
FFC2h	0.1361	0.4536	0.8808
FFC2	0.2692	0.4524	0.8502
FFC4h	0.3961	0.4505	0.8001
FFC4	0.5141	0.4479	0.7315
FFC6h	0.6205	0.4447	0.6460
FFC6	0.7128	0.4408	0.5455
FFT8h	0.7890	0.4365	0.4323
FT7h	-0.8452	0.2971	0.4443
FC5	-0.7658	0.3000	0.5688
FC5h	-0.6682	0.3026	0.6797
FC3	-0.5547	0.3048	0.7742
FC3h	-0.4280	0.3066	0.8502
FC1	-0.2911	0.3079	0.9058
FC1h	-0.1473	0.3087	0.9397
FC2h	0.1473	0.3087	0.9397
FC2	0.2911	0.3079	0.9058
FC4h	0.4280	0.3066	0.8502
FC4	0.5547	0.3048	0.7742
FC6h	0.6682	0.3026	0.6797
FC6	0.7658	0.3000	0.5688
FT8h	0.8452	0.2971	0.4443
FTT7h	-0.8795	0.1504	0.4515
FCC5	-0.7982	0.1519	0.5830
FCC5h	-0.6974	0.1532	0.7002
FCC3	-0.5795	0.1543	0.8003
FCC3h	-0.4475	0.1552	0.8808
FCC1	-0.3045	0.1559	0.9397
FCC1h	-0.1541	0.1563	0.9757
FCC2h	0.1541	0.1563	0.9757
FCC2	0.3045	0.1559	0.9397
FCC4h	0.4475	0.1552	0.8808
FCC4	0.5795	0.1543	0.8003
FCC6h	0.6974	0.1532	0.7002
FCC6	0.7982	0.1519	0.5830
FTT8h	0.8795	0.1504	0.4515
TTP7h	-0.8795	-0.1504	0.4515
CCP5	-0.7982	-0.1519	0.5830
CCP5h	-0.6974	-0.1532	0.7002
CCP3	-0.5795	-0.1543	0.8003
CCP3h	-0.4475	-0.1552	0.8808
CCP1	-0.3045	-0.1559	0.9397
CCP1h	-0.1541	-0.1563	0.9757
CCP2h	0.1541	-0.1563	0.9757
CCP2	0.3045	-0.1559	0.9397
CCP4h	0.4475	-0.1552	0.8808
CCP4	0.5795	-0.1543	0.8003
CCP6h	0.6974	-0.1532	0.7002
CCP6	0.7982	-0.1519	0.5830
TTP8h	0.8795	-0.1504	0.4515
TP7h	-0.8452	-0.2971	0.4443
CP5	-0.7658	-0.3000	0.5688
CP5h	-0.6682	-0.3026	0.6797
CP3	-0.5547	-0.3048	0.7742
CP3h	-0.4280	-0.3066	0.8502
CP1	-0.2911	-0.3079	0.9058
CP1h	-0.1473	-0.3087	0.9397
CP2h	0.1473	-0.3087	0.9397
CP2	0.2911	-0.3079	0.9058
CP4h	0.4280	-0.3066	0.8502
CP4	0.5547	-0.3048	0.7742
CP6h	0.6682	-0.3026	0.6797
CP6	0.7658	-0.3000	0.5688
TP8h	0.8452	-0.2971	0.4443
TPP7h	-0.7890	-0.4365	0.4323
CPP5	-0.7128	-0.4408	0.5455
CPP5h	-0.6205	-0.4447	0.6460
CPP3	-0.5141	-0.4479	0.7315
CPP3h	-0.3961	-0.4505	0.8001
CPP1	-0.2692	-0.4524	0.8502
CPP1h	-0.1361	-0.4536	0.8808
CPP2h	0.1361	-0.4536	0.8808
CPP2	0.2692	-0.4524	0.8502
CPP4h	0.3961	-0.4505	0.8001
CPP4	0.5141	-0.4479	0.7315
CPP6h	0.6205	-0.4447	0.6460
CPP6	0.7128	-0.4408	0.5455
TPP8h	0.7890	-0.4365	0.4323
P7h	-0.7125	-0.5652	0.4159
P5	-0.6408	-0.5708	0.5135
P5h	-0.5557	-0.5758	0.5998
P3	-0.4591	-0.5800	0.6730
P3h	-0.3529	-0.5833	0.7316
P1	-0.2394	-0.5858	0.7743
P1h	-0.1210	-0.5873	0.8003
P2h	0.1210	-0.5873	0.8003
P2	0.2394	-0.5858	0.7743
P4h	0.3529	-0.5833	0.7316
P4	0.4591	-0.5800	0.6730
P6h	0.5557	-0.5758	0.5998
P6	0.6408	-0.5708	0.5135
P8h	0.7125	-0.5652	0.4159
PPO7h	-0.6175	-0.6800	0.3953
PPO5	-0.5515	-0.6868	0.4734
PPO5h	-0.4756	-0.6928	0.5421
PPO3	-0.3911	-0.6978	0.6001
PPO3h	-0.2997	-0.7018	0.6463
PPO1	-0.2028	-0.7047	0.6799
PPO1h	-0.1023	-0.7065	0.7003
PPO2h	0.1023	-0.7065	0.7003
PPO2	0.2028	-0.7047	0.6799
PPO4h	0.2997	-0.7018	0.6463
PPO4	0.3911	-0.6978	0.6001
PPO6h	0.4756	-0.6928	0.5421
PPO6	0.5515	-0.6868	0.4734
PPO8h	0.6175	-0.6800	0.3953
PO7h	-0.5070	-0.7782	0.3706
PO5	-0.4481	-0.7861	0.4259
PO5h	-0.3832	-0.7929	0.4740
PO3	-0.3130	-0.7986	0.5142
PO3h	-0.2385	-0.8031	0.5461
PO1	-0.1608	-0.8064	0.5692
PO1h	-0.0810	-0.8083	0.5832
PO2h	0.0810	-0.8083	0.5832
PO2	0.1608	-0.8064	0.5692
PO4h	0.2385	-0.8031	0.5461
PO4	0.3130	-0.7986	0.5142
PO6h	0.3832	-0.7929	0.4740
PO6	0.4481	-0.7861	0.4259
PO8h	0.5070	-0.7782	0.3706
POO7h	-0.3848	-0.8573	0.3420
POO5	-0.3350	-0.8661	0.3711
POO5h	-0.2829	-0.8736	0.3960
POO3	-0.2288	-0.8798	0.4167
POO3h	-0.1730	-0.8847	0.4329
POO1	-0.1160	-0.8882	0.4446
POO1h	-0.0582	-0.8903	0.4517
POO2h	0.0582	-0.8903	0.4517
POO2	0.1160	-0.8882	0.4446
POO4h	0.1730	-0.8847	0.4329
POO4	0.2288	-0.8798	0.4167
POO6h	0.2829	-0.8736	0.3960
POO6	0.3350	-0.8661	0.3711
POO8h	0.3848	-0.8573	0.3420
